,blue_corr_with_green,blue_mask_green_mean,blue_mean,blue_non_zero_mean,blue_std,green_mean,green_non_zero_mean,green_std,luminosity,red_corr_with_green,red_mask_green_mean,red_mean,red_non_zero_mean,red_std,size
1009_B6_2,0.5706130637062473,0.11195181550810265,0.05982345506256701,0.39751625061035156,0.1496710283145399,0.07475262997197166,0.6771736145019531,0.11356894576064164,0.08083567438200412,0.5706130637062473,0.10691534137155662,0.10843527737785791,0.6831221580505371,0.16181955715498034,2048
1020_B1_7,0.32830222855626195,0.13501183566428365,0.09532724455291149,0.5323784351348877,0.18042300470377276,0.08843752262639068,0.7441725730895996,0.12178382023563733,0.08354466016021422,0.32830222855626195,0.11500891564660741,0.06308333453010108,0.6252682209014893,0.11356075832055307,2048
1020_C5_3,0.22233194661585481,0.09816807006055761,0.08437971975289145,0.4586336612701416,0.1783234199842824,0.05791654773786957,0.6584591865539551,0.09868342593089338,0.06309072787565344,0.22233194661585481,0.07556635694823075,0.07326715506759342,0.6336696147918701,0.12212318824457621,2048
1027_C4_1,0.2213251404566712,0.04942810498689011,0.13065567110099036,0.5677156448364258,0.23505531069623342,0.040352262235155256,0.680121660232544,0.09480998983323707,0.08755835448265088,0.2213251404566712,0.04391400347805894,0.23172660902434714,0.8969154357910156,0.23256283881441525,2048
1030_D8_2,0.11106057363686576,0.11236791321135399,0.19121723923028697,0.651639461517334,0.27899139334216494,0.0885084918901032,0.8950090408325195,0.1112136819529994,0.12457026235393448,0.11106057363686576,0.08643860830371153,0.22325072569005647,0.9181981086730957,0.2251696069108776,2048
1037_F4_3,0.29317487658148084,0.013597235155040062,0.07643556127361222,0.365781307220459,0.18794339050157732,0.00629707691716213,0.3588287830352783,0.015422436483819038,0.03324781033123242,0.29317487658148084,0.009371508222371323,0.10924503008524569,0.6453840732574463,0.1673392276630571,2048
1039_C3_2,0.3104931816070374,0.02908385556522554,0.11391075919656193,0.6036906242370605,0.18548414382969422,0.022479005888396606,0.7774958610534668,0.03323456026940307,0.053434512442046514,0.3104931816070374,0.023470130633480146,0.13703278747259406,0.9365341663360596,0.13401003268207468,2048
1042_C3_3,0.1659360977648623,0.011456288555137245,0.1327841833526014,0.5309958457946777,0.22407742304391515,0.008093056959264416,0.37386417388916016,0.03151608047255513,0.047784304991890535,0.1659360977648623,0.009972571063341337,0.15244182792364394,0.7763557434082031,0.1855028358228548,2048
1049_D11_2,0.33134435773439924,0.21184692219496615,0.05927866019454656,0.3971717357635498,0.14669517239890467,0.10482724975137153,0.6424496173858643,0.1571436325827194,0.11126707456326948,0.33134435773439924,0.15668072064147004,0.15058657702277695,0.6361186504364014,0.20998641989696465,2048
1050_F1_3,0.3300943012892182,0.19423699075060946,0.06129928102680282,0.4134397506713867,0.16970990741022682,0.1066025313209086,0.6847937107086182,0.17149117709990605,0.12570093177608413,0.3300943012892182,0.13537294543810938,0.21182028826545266,0.7352087497711182,0.25569623782934703,2048
1050_F6_6,0.12226234624152138,0.07705406952930563,0.09486816163156553,0.5029668807983398,0.23619594992943432,0.04781630459953756,0.8045186996459961,0.08136383623234039,0.07613435462521576,0.12226234624152138,0.04698083008256688,0.1650359939126409,0.8957211971282959,0.19351037595063275,2048
1054_E4_1,0.4133314374214022,0.19285272307787432,0.06057417532976934,0.5272717475891113,0.12970555863478642,0.15040698425442559,0.9698076248168945,0.12131872024084366,0.14376623307433778,0.4133314374214022,0.16373835731668798,0.14967875106661924,0.8189036846160889,0.17972602240693547,2048
1054_E4_2,0.4443997529097822,0.18506922007378554,0.07063577315386606,0.5139205455780029,0.154096677747802,0.14125181833903008,0.9260070323944092,0.11304163690695156,0.13634958033879607,0.4443997529097822,0.16148692220195796,0.1421748684901816,0.7656002044677734,0.1783490218058789,2048
1104_E7_2,0.7494893632186267,0.11195123889305791,0.08378585927626675,0.5310168266296387,0.17282652155721565,0.09060007263632387,0.8321216106414795,0.11223491428407333,0.10922653287345287,0.7494893632186267,0.09734123968198641,0.1805269138485777,0.9266414642333984,0.15646921324509674,2048
1105_F10_2,0.2075495874901157,0.1233554405466537,0.06412245245540847,0.4412360191345215,0.14924224415952983,0.07105627994911345,0.7844398021697998,0.10110581550294045,0.07664131058767724,0.2075495874901157,0.08006617490861392,0.09968117639130228,0.7560880184173584,0.1386402371526165,2048
1125_B9_4,0.631327443298082,0.15607068714286979,0.05881085115320544,0.31073951721191406,0.17895342852531756,0.07424265263127343,0.5244615077972412,0.10852841312628736,0.08086998574630891,0.631327443298082,0.14035270013883813,0.11065614831213863,0.5051178932189941,0.177397966864842,2048
1125_F6_3,-0.02396396197153179,0.065602453846071,0.0651892811644311,0.39665842056274414,0.16697684027044069,0.029248143177406434,0.5130865573883057,0.06700676288786535,0.049214888433942665,-0.02396396197153179,0.03295605851177497,0.11095931483250028,0.7013485431671143,0.1487617975883415,2048
1139_A12_4,0.42164605368881447,0.06486657379118851,0.06291489414140287,0.3887159824371338,0.17675174339849167,0.04287857728845934,0.6399040222167969,0.07613438159090316,0.050717283295650104,0.42164605368881447,0.06097169758738456,0.0729448234333712,0.6813879013061523,0.09598970638769917,2048
1139_D5_5,0.14237400864626124,0.05284469901202388,0.08090676326377723,0.46006178855895996,0.18638226198970848,0.03018541990541943,0.6977250576019287,0.06135298710510011,0.04539869065228631,0.14237400864626124,0.03467698143752434,0.0845183914782953,0.7246682643890381,0.13034099357436213,2048
1144_A10_4,0.05630889302129124,0.04494069881775322,0.09594427931542497,0.5005555152893066,0.17498152643311257,0.02475263838674507,0.527827262878418,0.06398417505668202,0.04198336637160355,0.05630889302129124,0.031650712384596894,0.08162324755799535,0.6174671649932861,0.134838016675218,2048
1147_D3_13,0.17463481391391367,0.07727567083084326,0.08059086706124097,0.4866950511932373,0.18041946925999006,0.039923433229035,0.587393045425415,0.09489651617898959,0.05865270229676191,0.17463481391391367,0.045154359489940676,0.11420885347852527,0.7878684997558594,0.15397562738560058,2048
1150_H4_7,0.576343097061594,0.0942580113847798,0.010178062027575912,0.16538739204406738,0.04541777468672777,0.024910827711516727,0.2647998332977295,0.07381867544990728,0.02655132794529783,0.576343097061594,0.09253535700459721,0.03763051687502396,0.2547628879547119,0.10066960448704276,2048
1158_H11_8,0.35647721487698286,0.014741613944396475,0.06833024211958341,0.3974447250366211,0.1777818501383228,0.007842095692952468,0.41391515731811523,0.016646873673975986,0.04045270561087364,0.35647721487698286,0.01065197321343451,0.14068953570197612,0.7140688896179199,0.18472993340596036,2048
1169_D3_6,0.013435468540902861,0.13203169356416136,0.07412789195191613,0.35895514488220215,0.18487373536481455,0.05010588496339086,0.5108616352081299,0.11791194490943491,0.05361367763500584,0.013435468540902861,0.05945410327256559,0.05844738904167629,0.5931494235992432,0.10261876764319494,2048
1178_D4_2,0.7496847445883515,0.154630627779532,0.12923979291728893,0.5449037551879883,0.24501641111781544,0.12422050962261112,0.9046430587768555,0.1306742818077332,0.14323468511768428,0.7496847445883515,0.13950598491200522,0.21195232166963468,0.8567459583282471,0.2486292002589463,2048
1178_F9_6,0.36747357392552527,0.09154487264835251,0.07874630853241564,0.38784360885620117,0.18387901448036284,0.048119068145751974,0.5988481044769287,0.07407800054965927,0.06507644416023706,0.36747357392552527,0.0726287263880029,0.11747978902330593,0.6036467552185059,0.1861602221602039,2048
1179_H7_1,0.39298826136211895,0.17932527023235903,0.0939819868873148,0.4182577133178711,0.22319532565005018,0.09832901674158447,0.7251770496368408,0.12784855769147332,0.09948530388158908,0.39298826136211895,0.1329238357843358,0.10524408116060151,0.6645553112030029,0.16614373667486426,2048
1179_H7_2,0.4389002217575645,0.1705468239658417,0.10108410143384741,0.4815948009490967,0.21874513022040037,0.11007359542098705,0.8160178661346436,0.11759765461328306,0.11959702211024717,0.4389002217575645,0.13676707517342543,0.15792151712903782,0.7518045902252197,0.1951373326167525,2048
1183_F4_2,0.541080606286951,0.15381920858936643,0.07888917174993783,0.45691442489624023,0.17230700890229508,0.11138805875591207,0.7738463878631592,0.14305284691059783,0.10795833887287205,0.541080606286951,0.15209285705482703,0.1062925731434541,0.6638169288635254,0.14931957487143027,2048
1207_B10_7,0.13230913719989762,0.13574102355084142,0.10413479337505269,0.5592494010925293,0.1902943785875821,0.11262687982297398,0.881972074508667,0.1598737979924632,0.11864123218985158,0.13230913719989762,0.11641491321995626,0.14380035587385612,0.8150324821472168,0.17534375747232395,2048
1213_C4_2,0.0844910339025664,0.04697557949292003,0.1077520697724585,0.4033203125,0.2146522431756741,0.02097519332287358,0.4429647922515869,0.05350162633606833,0.042413996756310544,0.0844910339025664,0.031718900183863384,0.09234637372634,0.5480659008026123,0.14659469021664218,2048
1213_C4_3,0.20847547500468552,0.049377428892538607,0.07753392668331373,0.32197117805480957,0.18755504112733026,0.01850124620923811,0.3694915771484375,0.04648512775984737,0.04951307944148195,0.20847547500468552,0.03520726285833075,0.14432285346236862,0.48485755920410156,0.23646726087121894,2048
121_C6_2,0.6939759610868089,0.15111949570412625,0.03237666114649733,0.2669069894547325,0.11159033621648323,0.051674646169124365,0.39367491587362824,0.10903385752673717,0.04919273022147708,0.6939759610868089,0.14712276876410849,0.04655422552465775,0.3204280398019547,0.11901350981513112,1728
1231_F9_5,0.21688878006437765,0.04361080719246897,0.09768300710939902,0.5468554496765137,0.18379120847694994,0.03484493143418257,0.7360398769378662,0.06954566764033596,0.062274488844217005,0.21688878006437765,0.03710511850593689,0.14252436862272366,0.8683273792266846,0.17352876259311703,2048
1237_G1_4,0.6365016672259476,0.11161034473705557,0.039173209433462114,0.31873464584350586,0.13034496295362558,0.06275753881417069,0.610288143157959,0.09911349748801472,0.06289638652352725,0.6365016672259476,0.10381437784604818,0.07141998608907058,0.5906548500061035,0.1457911467571097,2048
1245_B2_2,0.6899376004929917,0.1331046862093917,0.038778044195736085,0.22298192977905273,0.14698105766704558,0.04157273348639995,0.3773193359375,0.09400037041874548,0.044070660169825825,0.6899376004929917,0.10903396283733807,0.05427124360028442,0.35719895362854004,0.1437536541894734,2048
1245_B2_3,0.671354539487866,0.19184459526889316,0.043428092844345983,0.2531461715698242,0.145092816317928,0.07135936045179186,0.43962574005126953,0.13316981888177776,0.0687072644201914,0.671354539487866,0.1657479481007087,0.06837037404378245,0.40369701385498047,0.15300527473392916,2048
1255_A3_4,-0.03474367532875222,0.07184019161259055,0.11620345115661612,0.6731493473052979,0.18762997863519584,0.052812562269323,0.8199365139007568,0.0728753944696162,0.08787698767231954,-0.03474367532875222,0.0505573879724476,0.19621615222856106,0.9636290073394775,0.17251796309088088,2048
1259_A11_4,0.23604766953403022,0.041328764537996186,0.13942073934218477,0.6056673526763916,0.23756133271519175,0.031155041152355723,0.8069777488708496,0.03272230434264499,0.04299922251196473,0.23604766953403022,0.03590020524869888,0.050098587484920756,0.7405457496643066,0.0726416869111299,2048
1264_G1_1,0.32263472730015175,0.021999753149441664,0.052836506974463314,0.3316056728363037,0.15909871856586633,0.010471993801640525,0.4393332004547119,0.024959621574313317,0.03076307914715183,0.32263472730015175,0.016581040127336532,0.09152734419878783,0.5965468883514404,0.1527650987919759,2048
1276_C3_2,0.47430903059647367,0.23729447569799256,0.0474565730375402,0.3926074504852295,0.11690751221581029,0.13807070956510653,0.7067687511444092,0.17226599497164266,0.11690432054164357,0.47430903059647367,0.20850549261072565,0.06928402863296802,0.5254435539245605,0.1272268207751787,2048
1283_B2_10,0.1692313105958069,0.10718157178908705,0.05765980926214479,0.2854337692260742,0.16807444296197507,0.03330165264653225,0.39122462272644043,0.09582623166653075,0.04142267117070216,0.1692313105958069,0.06401230392382494,0.06322808546178482,0.39884400367736816,0.1441968127893642,2048
1283_F10_2,0.06571657131934365,0.07448770565103652,0.08855447675667552,0.41167497634887695,0.2127494274754617,0.03536752999997604,0.5742514133453369,0.0650991500771444,0.056368483722350225,0.06571657131934365,0.04342866596954174,0.1160865147908529,0.6693863868713379,0.17506898538678314,2048
1283_F10_4,0.09655112222500717,0.06878871621952348,0.0845993257036396,0.3879561424255371,0.1968624237566536,0.030362423728494098,0.5293669700622559,0.05693938554531812,0.045557769434311814,0.09655112222500717,0.042238841478398084,0.08341718094021662,0.5915677547454834,0.13502765433790162,2048
1293_E3_2,0.23066522390688984,0.14140629124673273,0.07182300979015874,0.29282259941101074,0.17571677241176267,0.04295861861285045,0.34191107749938965,0.10908761501977038,0.0475048556286681,0.23066522390688984,0.09886564330466091,0.05454012365902168,0.3477935791015625,0.1257354656997167,2048
1308_A5_4,0.0901794092194769,0.09277326715964915,0.0761903856314866,0.3368039131164551,0.1745434775481006,0.03376648659799611,0.4293699264526367,0.0834525877728207,0.04869955258893034,0.0901794092194769,0.05562186539826829,0.08959932046778055,0.47958874702453613,0.1675833541216375,2048
1314_D2_2,0.4795662523826591,0.10629414226569664,0.04037833961786004,0.3757956027984619,0.12120704972977395,0.05934292007895077,0.6696665287017822,0.07908256532220465,0.06404591796650606,0.4795662523826591,0.08616973876781397,0.08790472909515976,0.6214303970336914,0.14035932162825182,2048
1335_C10_2,-0.20761569978296895,0.21584235294897153,0.1257998765683641,0.5757389068603516,0.21664997470262182,0.13411061997507132,0.8369095325469971,0.2203415677370749,0.1395397786402235,-0.20761569978296895,0.11332476579086158,0.16246995364918415,0.8726024627685547,0.17506201982581757,2048
1335_C10_4,-0.07926719764778074,0.21228365224071716,0.09604686942755004,0.5113327503204346,0.18053095769494243,0.11624730521557367,0.7048873901367188,0.215011881830788,0.10962865592863047,-0.07926719764778074,0.11254477658309446,0.0919755374684054,0.6028051376342773,0.17512427618815501,2048
1335_C6_2,0.08544788903476375,0.011203907221525037,0.10485554956922344,0.5365297794342041,0.18363521477398362,0.00751515089296827,0.4956352710723877,0.021786134777448323,0.03392137826246374,0.08544788903476375,0.0076420937068209975,0.09866402476441623,0.8663990497589111,0.12308863413501983,2048
1335_D2_2,0.08227027958567588,0.1248798869283244,0.10891908477334421,0.5628056526184082,0.19351628491499748,0.08635803297454234,0.8770036697387695,0.12190961595962828,0.08853337576361266,0.08227027958567588,0.0832572591155002,0.0889282815596637,0.791154146194458,0.11852291467289063,2048
1339_B9_2,0.07116569063262286,0.11800086561062277,0.06540783152860745,0.36310839653015137,0.17223260028941642,0.048035658107084364,0.5239570140838623,0.10380260953200991,0.054877534124337005,0.07116569063262286,0.06323030888376416,0.07431790220971196,0.5952565670013428,0.10880754370937563,2048
1339_D3_3,0.013758046836861978,0.04533066991495186,0.0798436744540346,0.39217138290405273,0.1893736677731475,0.01965017318725588,0.41358137130737305,0.054696228712059584,0.044689169840719176,0.013758046836861978,0.02607448083455366,0.11698331458895815,0.626288652420044,0.15939852065228208,2048
1346_H6_3,0.1708474432496591,0.057729078816148006,0.048308755837234804,0.3000469207763672,0.153184368289995,0.022207439647001375,0.4444425106048584,0.057533246119487395,0.039316107315923686,0.1708474432496591,0.036542030202145165,0.09381681236566285,0.5285210609436035,0.1556962637799519,2048
1386_G4_2,0.08594188067856023,0.08506292502032316,0.12259210698744824,0.5479240417480469,0.18531577286860854,0.056908415813072065,0.7468917369842529,0.07478044356493971,0.06819611310173485,0.08594188067856023,0.06715412027219421,0.0876955032348633,0.6609663963317871,0.1581619478653269,2048
138_B12_1,0.42913046539352245,0.04456329322962424,0.08911256002422403,0.49106458708419065,0.19168978714259916,0.027908483861437225,0.601219899369856,0.043727727202370614,0.08340839832586738,0.42913046539352245,0.03676501000209247,0.268176499691526,0.752489631558642,0.25784841069141035,1728
1413_F11_6,0.40535560380341096,0.0839853307248083,0.08019239668752627,0.359677791595459,0.18070613561343327,0.03636348107281852,0.5199131965637207,0.0672917853626604,0.0393087390733232,0.40535560380341096,0.06418138418306506,0.03533248527377263,0.45557141304016113,0.0673741199708194,2048
1414_D12_2,0.4432099452629864,0.32419880136643314,0.08686935200410736,0.38975954055786133,0.17965968537578064,0.15309113988689352,0.5277652740478516,0.21281599491863926,0.12598640732148117,0.4432099452629864,0.288028437439774,0.048088696423698875,0.41588425636291504,0.10112423232094586,2048
1416_D10_6,0.13734952220070354,0.11507860861348214,0.09405272334229717,0.3589484691619873,0.2065606755553103,0.04621790904624791,0.5119595527648926,0.08113655384135665,0.05493365345431307,0.13734952220070354,0.0744091400434082,0.07096894769107592,0.4834263324737549,0.12716815022839617,2048
1421_G5_7,0.5432789539474036,0.042197985050834844,0.05410233291925164,0.44811248779296875,0.10864358994528811,0.024608124938665668,0.5689270496368408,0.04501994742531146,0.04075718314993612,0.5432789539474036,0.03775040856468022,0.09055156988256113,0.6192054748535156,0.14748044018860493,2048
1423_A4_2,0.6972715854679121,0.16149493385589336,0.10741433162315213,0.6033535003662109,0.1686070787697812,0.13363792849522005,0.937518835067749,0.1161275957172402,0.12120615000762194,0.6972715854679121,0.15146623258798914,0.08406862090615658,0.803760290145874,0.09901657198195817,2048
1432_F2_2,0.5986639157126704,0.14583565754495703,0.045656727809532026,0.23201274871826172,0.1384465430374243,0.04807651744169348,0.35448598861694336,0.10373884778169,0.04839342632424596,0.5986639157126704,0.13795164310359342,0.050388924280802404,0.319976806640625,0.12007568583481576,2048
1495_F7_3,0.4558813663030495,0.09744984972276784,0.047846935309615764,0.2571725845336914,0.15747035800467393,0.03486129536348233,0.4301421642303467,0.07068422449099017,0.03808563542683916,0.4558813663030495,0.07711560741449938,0.0456175364700018,0.3957695960998535,0.09556845457128776,2048
1581_B12_2,0.6360350380494032,0.0659673042018848,0.08698479147518379,0.5365872383117676,0.14092993784313024,0.04596101349475341,0.7299854755401611,0.05688874660042399,0.054429872402490365,0.6360350380494032,0.05987185303907357,0.07186384575039728,0.7186577320098877,0.10736703842673313,2048
1581_B12_3,0.5974345118020639,0.07549368348537933,0.11399682736864265,0.5762145519256592,0.16918879145303634,0.05540502585616767,0.7839047908782959,0.06169757827756738,0.061843358182346105,0.5974345118020639,0.06928928668966658,0.06579074672624174,0.7337884902954102,0.09460117224434657,2048
1609_C4_2,0.37512916418931147,0.11841532738077033,0.07890574791852165,0.48168325424194336,0.14254904903248714,0.06867246347315173,0.7279751300811768,0.08886885932641783,0.07199674725775618,0.37512916418931147,0.08635178801274901,0.08083352014130238,0.6977992057800293,0.11102836305031097,2048
1642_G7_34,0.6153235371107262,0.05742190522150066,0.035822985219020484,0.5274465084075928,0.07432815217524251,0.043413842893114285,0.8281183242797852,0.06803111427257043,0.038650011699152935,0.6153235371107262,0.05447889973240021,0.023584250842823718,0.6811048984527588,0.037921817090776334,2048
1645_E1_32,0.7609906895286523,0.11380021517115851,0.04612344480028339,0.3865022659301758,0.11331069377139617,0.06587316756154972,0.6392245292663574,0.1096695834545419,0.06116067924611709,0.7609906895286523,0.10089571541699587,0.05041428547279509,0.6229724884033203,0.0844767504044376,2048
1645_E5_34,0.3159064854019545,0.06715855510202255,0.04954409318811754,0.3342437744140625,0.1319902211201373,0.028149075601615167,0.5052602291107178,0.04986266313228768,0.0350965541267395,0.3159064854019545,0.04681079049118362,0.05356186137479898,0.5211451053619385,0.09665722274757742,2048
1656_F5_2,0.4081791975657501,0.022755412702948653,0.09022750947989669,0.5385775566101074,0.14200931698923652,0.015995240678974235,0.5946042537689209,0.024947123410558894,0.036032152591219134,0.4081791975657501,0.020724322272581315,0.08503259771010449,0.7419006824493408,0.1209616347488532,2048
1657_E10_3,0.6691667048654657,0.058012178922573786,0.08536842851077815,0.4569544792175293,0.15830377581117241,0.03735174758761541,0.6238689422607422,0.054168102565935655,0.049348381295110634,0.6691667048654657,0.057085779599243575,0.0774732402726716,0.640448808670044,0.1177578086420888,2048
1680_G4_4,0.5020675050227236,0.029881714208705383,0.05056201149435603,0.21725678443908691,0.13940679687554153,0.00807605631211225,0.25229930877685547,0.023398816215694423,0.016627714265935574,0.5020675050227236,0.026858912445618586,0.03387178533217486,0.28133511543273926,0.08950988454730789,2048
1693_E1_2,0.45836096126153525,0.07243528006268457,0.13425460796730185,0.6070866584777832,0.190449783611679,0.05967719040664976,0.861018180847168,0.04892848297004143,0.06531315718725607,0.45836096126153525,0.06956069334495336,0.06086005603565889,0.8021137714385986,0.07064510356174115,2048
1711_B12_3,0.42675064825107173,0.05187057901000514,0.03630806324528709,0.31438493728637695,0.0860478773511785,0.022765522377163745,0.45561742782592773,0.041925454437695124,0.026414731379864262,0.42675064825107173,0.04598397016967541,0.03533108000661813,0.43248963356018066,0.07154961953703284,2048
1717_G8_34,0.468021800577567,0.08624855949140445,0.09963135812796799,0.5750296115875244,0.17415843658848765,0.07372434746985349,0.934650182723999,0.05652957512131993,0.07075090250333155,0.468021800577567,0.080361722961859,0.050940099416994566,0.8076987266540527,0.07288966575988692,2048
1736_G7_31,0.6853858026822349,0.07277391481448231,0.07802671451194607,0.40726733207702637,0.17645211826665824,0.044189560647104296,0.6770706176757812,0.06867203034004649,0.04690760648054237,0.6853858026822349,0.0680455891373872,0.04548308522093527,0.6046392917633057,0.09186474679823553,2048
1751_A7_32,0.2819304117010688,0.03715154343077356,0.028767055623671565,0.39557433128356934,0.08523995126092544,0.021335350298414036,0.693490743637085,0.03253174884048137,0.02716755291041209,0.2819304117010688,0.025692812052262183,0.046244256636675744,0.7318785190582275,0.06281869674424298,2048
1754_G2_34,0.14205114069639324,0.047692537062852064,0.07715343307046334,0.4439051151275635,0.16796715751204758,0.026060460595523628,0.6240136623382568,0.041527321034142674,0.04838767369606918,0.14205114069639324,0.030972054794588363,0.11372885423548083,0.755225419998169,0.12191722728871439,2048
1758_C9_4,0.665910146980473,0.10398875888464815,0.016311558555154256,0.1735520362854004,0.07001941322410464,0.023372407988006,0.26561903953552246,0.0666546675510742,0.02475892200469968,0.665910146980473,0.08395371540481872,0.0322920098024256,0.2576484680175781,0.09895138855633812,2048
1761_A10_3,0.6497665892708712,0.060678541278238324,0.07399049553216669,0.34926605224609375,0.1529159399167316,0.029500649022121052,0.4371504783630371,0.062301700938742585,0.034564516639335505,0.6497665892708712,0.06645030647678084,0.038210435942107546,0.4187936782836914,0.0853276457662742,2048
1762_E6_5,0.2683880981291887,0.013255641353197662,0.04180606673745548,0.2799389362335205,0.10047766894039645,0.005039731193991269,0.23379993438720703,0.02346155905586773,0.015299310121723246,0.2683880981291887,0.01231887115064523,0.04081136572594738,0.39260268211364746,0.0864373235633092,2048
1762_G4_5,0.26794662553755777,0.03046190600750993,0.08637554411794622,0.6404387950897217,0.1208359376246172,0.025039608338299907,0.8298447132110596,0.0300984775432082,0.03360415773634813,0.26794662553755777,0.02709718230113369,0.0444944288216385,0.8611354827880859,0.04952068473556817,2048
1770_B5_1,0.6173050897890234,0.10656932752521062,0.04462690353393558,0.26436948776245117,0.11239862272827156,0.039628744125366204,0.38933444023132324,0.06810295257219624,0.039883325896356576,0.6173050897890234,0.10519162125008906,0.039128813089108934,0.32373523712158203,0.09838892454734832,2048
1770_D2_4,0.22970254908323,0.16870502579545774,0.048600041632558745,0.2616007328033447,0.11879194567723055,0.05124587825700349,0.3610100746154785,0.09900839234018612,0.05023500664879297,0.22970254908323,0.1269499176376916,0.04738961201088097,0.311617374420166,0.12055141874380053,2048
1772_A6_7,0.40120352566391837,0.04061914038283533,0.02658830624000698,0.2378377914428711,0.0914119780615492,0.012428504345463767,0.36640143394470215,0.027475000431179557,0.019206313172134698,0.40120352566391837,0.02949221452071503,0.039500334683586505,0.38454341888427734,0.08923260871568504,2048
1772_F9_7,0.703614777253748,0.06901736633121006,0.028386056189443544,0.26645493507385254,0.09345840820656175,0.02590744168150657,0.39809250831604004,0.06795535676462836,0.02774900049134797,0.703614777253748,0.06453767488983236,0.03372777490054858,0.3884086608886719,0.09678867122542073,2048
1772_G2_6,0.29507824435259306,0.1599027713484087,0.06572364264843508,0.4789853096008301,0.14463605106322092,0.10133143593283263,0.8052144050598145,0.11836578834043342,0.08883107620538454,0.29507824435259306,0.11861933634089362,0.05462646390877521,0.698439359664917,0.08384364732423391,2048
1772_H1_3,0.1931271279356377,0.08601341544442694,0.036419552447749144,0.4325399398803711,0.09015800479376555,0.03979435808518353,0.6280217170715332,0.10245285595766224,0.04506858105996073,0.1931271279356377,0.04945003378956779,0.06574865696476953,0.7295470237731934,0.10925970722859961,2048
1772_H1_5,0.0471833243531251,0.058741611089778455,0.0401288995555803,0.3958430290222168,0.09757526106856214,0.02570287854063745,0.558157205581665,0.05938755865598087,0.03658597218737884,0.0471833243531251,0.03225385363755768,0.07199419993980256,0.679163932800293,0.10615909333419316,2048
1772_H5_7,0.484221515236402,0.0974348911802807,0.03023339907328291,0.43570566177368164,0.07246533444576315,0.056751453175264234,0.7054438591003418,0.08792364282904352,0.052130795536976283,0.484221515236402,0.07727999979336334,0.04402307061588063,0.6479413509368896,0.07827315021373345,2048
1773_B6_11,0.6748601385495802,0.08958194788658018,0.029323719997032007,0.24596333503723145,0.09724494475408939,0.03183996911142386,0.4144165515899658,0.07523680247363924,0.03418671300813263,0.6748601385495802,0.07147714856984444,0.04373280581306005,0.4304227828979492,0.08914519169839816,2048
1773_B6_7,0.6505886214360752,0.11538565731263051,0.04567643240386364,0.3190426826477051,0.1323575707822122,0.0540102743634991,0.5250873565673828,0.09875133931839461,0.057323509018093986,0.6505886214360752,0.0994850904604,0.07242484653697304,0.5213854312896729,0.11745845475446326,2048
1773_D5_6,0.6235737177621486,0.04185569287067649,0.029276645884794353,0.304185152053833,0.08621342383922892,0.018141789529837814,0.46906232833862305,0.03919280010296881,0.03074437668706857,0.6235737177621486,0.033956484698403906,0.07363873463050992,0.5286951065063477,0.14565577348497136,2048
1773_E10_4,0.17086635733329567,0.11024887346948577,0.0381897533641142,0.40320682525634766,0.0997647552607875,0.05060230236427459,0.6520938873291016,0.10031263833310396,0.049466954040153374,0.17086635733329567,0.06766717443275612,0.04947736216526404,0.6078662872314453,0.087183604543136,2048
1773_G12_3,0.44164929719304846,0.20454465700833366,0.03738575542674347,0.2735786437988281,0.10866751944504362,0.08679901758829749,0.45323896408081055,0.1700259846608127,0.0758217576309279,0.44164929719304846,0.19766954960566763,0.05194660729052977,0.38121867179870605,0.11207805600632356,2048
19_H7_2,0.49280545822414756,0.07630889861940642,0.10450493069634403,0.388190961505487,0.21907537759584103,0.04106626288739949,0.49510848015260633,0.0904147045479058,0.07088672885288692,0.49280545822414756,0.06915709719354844,0.15978777817282613,0.5816313818158436,0.2301164626734789,1728
240_G8_1,0.1447714279623104,0.042974404051928976,0.08689158009547812,0.5375230312347412,0.17637526629674374,0.029387345033533446,0.5376920700073242,0.07456114999084415,0.06246219528796623,0.1447714279623104,0.034179138837065005,0.1654317687539494,0.8181545734405518,0.16320411598113427,2048
27_H9_2,0.5665978849699463,0.12513941537753814,0.11581377607949053,0.4217885963220165,0.22288519217819538,0.06765112619228929,0.5958478009259259,0.10627251832472671,0.1005521854520004,0.5665978849699463,0.10974364311352888,0.20605054264504175,0.6080059370713305,0.2599177133681908,1728
28_H9_1,0.5985546823611707,0.09079960663370748,0.048180637191862316,0.26561227387688613,0.1620783974831894,0.03203362711897174,0.37649799864969136,0.08703687294235128,0.049368652898761196,0.5985546823611707,0.07801012836688062,0.10808824448739544,0.4009555978866598,0.21216099832137858,1728
334_B12_2,0.03639448651721772,0.16187222528137682,0.09732034440134084,0.404681921005249,0.2154831953646203,0.06861946442547967,0.5463898181915283,0.14939089977871806,0.07115267122249978,0.03639448651721772,0.09290076538547853,0.07078787111768539,0.5886342525482178,0.12069692133699231,2048
340_F5_3,0.18058947081471025,0.06686234827810238,0.04807771981931204,0.3985459804534912,0.12324179863487182,0.04258534394058529,0.579195499420166,0.09176451014153675,0.06787642150112223,0.18058947081471025,0.05982886255301318,0.15968096022512396,0.6489365100860596,0.21072427393685708,2048
344_F7_1,0.3597537834155645,0.16263131227160896,0.09528262474957636,0.5567123889923096,0.19639184152682945,0.13654292985504754,0.9472899436950684,0.13115703042439553,0.1312418011526968,0.3597537834155645,0.15667789243098806,0.1256203772974949,0.7506649494171143,0.16269092549158973,2048
344_G2_1,0.40664292472763575,0.1571829117671384,0.1114132638071097,0.5227584838867188,0.24241796471162846,0.12227618741054162,0.9736919403076172,0.13846894964221212,0.13802925404099858,0.40664292472763575,0.12892950610972395,0.2000624983918434,0.9011116027832031,0.2313826988494397,2048
344_G2_4,0.46773301629982755,0.15125745400265214,0.08056539554221963,0.4450802803039551,0.2120980030183229,0.10616840568243288,0.9819631576538086,0.1319549736316859,0.1085514355257445,0.46773301629982755,0.12667095847229892,0.12607229644177015,0.7494733333587646,0.18702094288596302,2048
346_A5_1,0.3592611645624388,0.15212337612638813,0.07935085951113227,0.5027539730072021,0.19177925474290267,0.11673082183389101,0.8477177619934082,0.12006059016111147,0.12014509941175862,0.3592611645624388,0.139326167726333,0.14548487102284144,0.7523071765899658,0.1860780718211447,2048
346_B12_3,0.6905848515035141,0.22409216160411055,0.07920073808408251,0.4364917278289795,0.18770158219760866,0.14026677935731188,0.7270302772521973,0.18102285448816474,0.13241602417216583,0.6905848515035141,0.1920989653079172,0.12407775299221857,0.6764414310455322,0.20324807319268764,2048
346_B12_4,0.7515474061313425,0.22748984966113234,0.08606924730188707,0.5588786602020264,0.18903981131705316,0.19213919546089916,0.8724339008331299,0.2030221859685333,0.18506570181117343,0.7515474061313425,0.23072133421560798,0.1948896969065946,0.7879955768585205,0.2574964109197354,2048
353_A9_1,0.4133562521907795,0.14779395548514926,0.03355436886058134,0.3830578327178955,0.0988079116294983,0.09746431836894923,0.6583678722381592,0.12372346924053927,0.08763019617940869,0.4133562521907795,0.15074814714311968,0.07291199553246595,0.5471179485321045,0.13340427718934386,2048
353_E4_2,0.31781719955219684,0.07128534449142711,0.05586660142038384,0.48183226585388184,0.1458251472224878,0.046933458365646046,0.9279005527496338,0.05552504004008455,0.05968913136183048,0.31781719955219684,0.05481260769109534,0.10389818116730341,0.757643461227417,0.1439996327350549,2048
369_C9_1,0.6303645712931398,0.3845632260463686,0.07792317914027792,0.5147783756256104,0.17373512442709788,0.3110104018566653,0.9203886985778809,0.22186367362219367,0.2683991749434378,0.6303645712931398,0.343828867332023,0.1897388617197672,0.8955521583557129,0.17749050756837517,2048
380_C6_1,0.4016559353163484,0.06978770205709972,0.056009644153071365,0.5339086055755615,0.13386481532412475,0.04806332775190763,0.9158153533935547,0.0660367220633478,0.05891074267256496,0.4016559353163484,0.05800262456984368,0.09638736762252516,0.7627260684967041,0.13828239770666376,2048
383_E8_7,0.49635316574804833,0.027518106501197685,0.029673616558897723,0.20060014724731445,0.11296917218224083,0.00686270489412195,0.20038318634033203,0.030469740581466398,0.01612615209261576,0.49635316574804833,0.023538722544118162,0.042688195845660026,0.286895751953125,0.1375530316509507,2048
400_D3_2,0.47680031859605376,0.12741610480763388,0.05585511899461937,0.46552252769470215,0.12458767813255432,0.09271068105510642,0.8009657859802246,0.10629379216280871,0.09595252265481381,0.47680031859605376,0.11882235974102198,0.12047555960860905,0.7263681888580322,0.15578110355931885,2048
400_H8_2,0.25132152205555075,0.09999741499922983,0.07056577158909219,0.4199247360229492,0.18180919718324912,0.06937692212123499,0.6498816013336182,0.126584179413008,0.07900419064839685,0.25132152205555075,0.09157697589943976,0.11425666622087054,0.6994855403900146,0.16134442051970782,2048
449_G8_2,0.22992403749375578,0.13915396117741574,0.08123696738598403,0.3514878749847412,0.2113230330432544,0.059290519415163515,0.5754694938659668,0.10919852882518702,0.0680642620182038,0.22992403749375578,0.09245417579040101,0.09310617820889341,0.5868101119995117,0.1650487683842062,2048
454_E5_1,0.8597810547667314,0.26718047206338064,0.07710269292195628,0.44397735595703125,0.18494424529590275,0.1738119172114951,0.7464585304260254,0.19613151566358888,0.15767781524377694,0.8597810547667314,0.2474321822115429,0.13076536982667217,0.6812398433685303,0.18393571056893557,2048
480_D6_2,0.741132834303367,0.17406341603658856,0.06526448305915386,0.3457772731781006,0.17431503794550546,0.08796693857978373,0.5913958549499512,0.15471810920905882,0.08597707788579598,0.741132834303367,0.15452156669155012,0.08631715774536136,0.5380244255065918,0.1722232786393284,2048
480_D6_3,0.7334808370437016,0.20724974236301805,0.0746912077361462,0.4089927673339844,0.17888593651421694,0.12734636325462195,0.619638204574585,0.19954676462397614,0.123610053244572,0.7334808370437016,0.21398420251788397,0.12765394659603352,0.5707664489746094,0.2072289124574095,2048
484_G6_3,0.39095680574523217,0.07440983663070026,0.07172777512494254,0.39205098152160645,0.17831922112487608,0.03812338978636494,0.5975511074066162,0.06477458172331392,0.05932056253003141,0.39095680574523217,0.056771577807920935,0.12641565752964395,0.6336727142333984,0.20410587642827063,2048
496_D1_1,0.45558282892838287,0.06928263153855223,0.02195369589562509,0.18906402587890625,0.09039143667729337,0.016527130089554108,0.29214954376220703,0.05202161279065814,0.023677738628761442,0.45558282892838287,0.04799768749044223,0.04831833652421542,0.3133416175842285,0.12987273508336275,2048
504_B1_3,0.416146764102612,0.25495395620831807,0.10381286471497765,0.4787132740020752,0.22371425270191495,0.15947027954400772,0.8205535411834717,0.1965386308062628,0.14749362763012153,0.416146764102612,0.18643077520355794,0.12203760521084654,0.755842924118042,0.1739247839758216,2048
505_C10_1,0.5136383095705027,0.15262230504741808,0.09772108208899408,0.5361149311065674,0.19090940767621176,0.12772144710316377,0.9327216148376465,0.12706339977087847,0.1362963272236842,0.5136383095705027,0.13934550898957898,0.1782431144340367,0.8832597732543945,0.19328372184108863,2048
508_C10_1,0.4137560740724611,0.043014235384252704,0.045365719701729555,0.4474930763244629,0.10890944205356493,0.02803368007435519,0.6692488193511963,0.04531892126746174,0.03424977645649633,0.4137560740724611,0.03783557836142732,0.05138609362583532,0.6808936595916748,0.06735056897279229,2048
523_A9_4,0.17654337961506222,0.022549374117692245,0.058951332054886146,0.31450676918029785,0.1685262149194434,0.008698744867362223,0.3375284671783447,0.029364619254692505,0.034201996693704606,0.17654337961506222,0.014421940842177641,0.1115915719200584,0.5677511692047119,0.17973225073305868,2048
532_D1_1,0.43958367087140565,0.0689409524433065,0.0874078423369165,0.352158784866333,0.21548437563499,0.027574968338012686,0.4718315601348877,0.06055823792114488,0.04416043402410022,0.43958367087140565,0.04397567557894197,0.08526797014124267,0.5671267509460449,0.16439907106877924,2048
532_H3_1,0.5609938164863848,0.137644000954863,0.10151431046280203,0.496126651763916,0.1963341333355554,0.09426891476500258,0.782867431640625,0.1337936047251923,0.10466024255808662,0.5609938164863848,0.1165809201793008,0.14068570791506305,0.7630770206451416,0.17845470978636702,2048
539_B3_1,0.3266138150350768,0.24347648355074442,0.12358216678395,0.5562961101531982,0.25021217801268114,0.22025852483861594,0.9795432090759277,0.16255461545014593,0.20059486743122928,0.3266138150350768,0.23209578915767404,0.16059895590239895,0.857318639755249,0.18203317495511923,2048
542_G1_1,0.31837575645624483,0.09456488029835658,0.06966825373032512,0.3751349449157715,0.17487799638812207,0.04136497273164635,0.5686790943145752,0.09396273388181711,0.057149590752545526,0.31837575645624483,0.05519398102865134,0.10599865632898657,0.6603858470916748,0.1888130095492604,2048
544_A8_5,0.5387963832529735,0.10595361246934978,0.09532748297149063,0.38098573684692383,0.2524487547322622,0.06029682813906207,0.6173255443572998,0.08316628342606776,0.07555443621149245,0.5387963832529735,0.09810712934139702,0.12016698238896398,0.5936102867126465,0.1758742766507673,2048
556_B9_1,0.4576094341778477,0.12285618630749667,0.05137348736033718,0.45378589630126953,0.1286560002418965,0.08276997547523646,0.8048095703125,0.09141986022245203,0.08924538506489171,0.4576094341778477,0.10487427197897069,0.12389055887858083,0.7400937080383301,0.15868760650303917,2048
556_C1_5,0.521343558647949,0.24665027079049265,0.08008924091563506,0.5084691047668457,0.15996685413659534,0.20197272300720218,0.9046378135681152,0.18988072409123857,0.192408645989661,0.521343558647949,0.2291778570599228,0.19837869849859505,0.8413798809051514,0.22048045637971822,2048
583_E11_1,0.6397021726592217,0.17649778125451074,0.080974729388368,0.41163206100463867,0.19353716105366434,0.10939377803428496,0.6936378479003906,0.13374687765199494,0.11641999637080185,0.6397021726592217,0.16091948077783566,0.152094030380249,0.6578030586242676,0.20533569575318208,2048
611_E10_1,0.6197222318980676,0.13948655017854877,0.08259000871695729,0.43520092964172363,0.19577153055038837,0.09247712528004363,0.6990008354187012,0.12223811347643451,0.11102933011709475,0.6197222318980676,0.12437225925996177,0.1830982666389616,0.7370970249176025,0.2213960626196035,2048
616_F1_4,0.39869715468804356,0.07448919631435374,0.0729824795442469,0.36432409286499023,0.20418031355264415,0.03778972719229904,0.5479247570037842,0.07605587132843945,0.051646103044958584,0.39869715468804356,0.06087729783624883,0.09101389997145715,0.6007435321807861,0.13803325447127837,2048
622_F1_7,0.14811824333295748,0.054863397304517426,0.09434609974131877,0.48153162002563477,0.22575587487911516,0.03843256351994528,0.6073200702667236,0.08698580895837525,0.08137812632280231,0.14811824333295748,0.04392188931778295,0.2214457596049589,0.8262546062469482,0.22900665077822113,2048
626_D7_6,0.30719599525585867,0.19582818520065573,0.08383332701290354,0.5158188343048096,0.17833626475835185,0.173566026313632,0.9304726123809814,0.15225283043147303,0.1458560123279048,0.30719599525585867,0.19248051931313614,0.0737009600097058,0.743567943572998,0.09613270621887345,2048
663_A9_2,0.6486559757859508,0.07510259364320578,0.09276460292292574,0.48506760597229004,0.185916691384161,0.052984930487240074,0.6988475322723389,0.07081573275613193,0.1016630130683676,0.6486559757859508,0.06498873861243035,0.2684411404179591,0.7902469635009766,0.29438853378405594,2048
669_D8_1,0.39317460594525444,0.10229985312585926,0.04667780820061185,0.30394577980041504,0.13788691753451066,0.041296698065365116,0.49788475036621094,0.08572399174253259,0.05689363396345396,0.39317460594525444,0.07759709655329931,0.11283206846199786,0.5021462440490723,0.20717444198796084,2048
681_B2_3,0.07145867346005387,0.14209839806167654,0.049403936722699375,0.3351590633392334,0.15223967788024043,0.0546387765921798,0.5117621421813965,0.1460952978062552,0.06265822457238737,0.07145867346005387,0.07242211051955312,0.09413738157234945,0.582862377166748,0.16118667476402407,2048
681_B2_4,0.09137196846300753,0.1419746813751493,0.05942397117614742,0.35508298873901367,0.16985244940763927,0.0589963529624191,0.5176699161529541,0.14637035541832788,0.07026524651751805,0.09137196846300753,0.0799457867702846,0.11185627544627465,0.5811433792114258,0.1843804354402684,2048
681_G8_4,0.13140246101062386,0.05959147219349729,0.07562102897494441,0.5140066146850586,0.16152534289144288,0.04412115508434824,0.696291446685791,0.08669291479648776,0.07392894671963715,0.13140246101062386,0.0465302276513378,0.17362962517083866,0.7926387786865234,0.2193624883151571,2048
681_G8_5,0.1706978116226707,0.06411944011029891,0.07750856549132103,0.49849987030029297,0.16042407293166264,0.04503280228259517,0.6563405990600586,0.09017832312336961,0.07607779858925767,0.1706978116226707,0.051057522803087806,0.18002925667108274,0.7580711841583252,0.23130726237678015,2048
682_C9_6,0.27438979739207503,0.08658987180065472,0.06667222602694643,0.39860105514526367,0.1761650648645432,0.04833670036465512,0.6207981109619141,0.08889000603220672,0.0571183301684436,0.27438979739207503,0.07077465128645724,0.08341574481889306,0.5462512969970703,0.17000264843348759,2048
682_F12_1,0.4425207045633354,0.21611718706592145,0.0510384587680592,0.35295844078063965,0.13692842659396154,0.10948008275499531,0.6121549606323242,0.16836025652449924,0.10638244570919114,0.4425207045633354,0.17608935866925146,0.11475688522937247,0.5445928573608398,0.1989193441813264,2048
682_F12_2,0.36494303064175787,0.2525078859785122,0.06111083498188096,0.45954060554504395,0.13627640040527805,0.1609765922321993,0.805419921875,0.20099181638273855,0.14888862139421355,0.36494303064175787,0.19814984154390822,0.13803367988736034,0.7050395011901855,0.20423589807113932,2048
682_G10_1,0.3390265047246248,0.045092637958219384,0.04854822158813479,0.4314596652984619,0.11687995174235381,0.02837801447101669,0.5905544757843018,0.049486926337686574,0.0638166606069079,0.3390265047246248,0.03611329639540057,0.1882197697957358,0.6876626014709473,0.2742157737971627,2048
682_G9_1,0.24137573827805223,0.11801492247187653,0.07841946096981271,0.49953532218933105,0.16952984466313165,0.08123386513953108,0.7817285060882568,0.10969502974297701,0.11582536990745398,0.24137573827805223,0.09253479095083463,0.24489663441975898,0.7868986129760742,0.28923606969862914,2048
683_E1_1,0.49124184763054873,0.18620075081789553,0.049059641594980344,0.3610401153564453,0.13466586554912652,0.09799902859856105,0.643885612487793,0.1562097821543761,0.09501015034357708,0.49124184763054873,0.15217984719475777,0.10056039024801827,0.5725429058074951,0.1876770334312977,2048
683_E1_2,0.4469626821516633,0.18706150946529315,0.04850146817226039,0.3749387264251709,0.14047755088021843,0.10210243860880532,0.6868021488189697,0.17227350082281653,0.09933401109826331,0.4469626821516633,0.1461835037386496,0.10728382409787646,0.6279704570770264,0.19283290192220465,2048
684_C4_2,0.3990636330992328,0.1639205407064749,0.02214230556114048,0.3545536994934082,0.058326885366858774,0.0962950080048805,0.6176934242248535,0.15728856284031761,0.09682380602892712,0.3990636330992328,0.1474240746241375,0.1239649192959654,0.6066720485687256,0.1820597287432499,2048
684_D12_4,0.2301364144902311,0.06024179172420302,0.06796002855487898,0.45044398307800293,0.16135947082291655,0.03839738602731739,0.6496596336364746,0.0631937237286502,0.061078237242792155,0.2301364144902311,0.04874174985151836,0.13504098162931555,0.6789636611938477,0.18635239011141588,2048
684_D8_6,0.31091245301006837,0.16681905194070495,0.0661145032620898,0.4632284641265869,0.1515483247207367,0.1157671610514321,0.8159713745117188,0.13854529584779718,0.11236088519358171,0.31091245301006837,0.14252518305071318,0.11660745284136603,0.6843090057373047,0.15772997035189676,2048
685_G10_5,0.17088776561364197,0.05301037535417824,0.05728309014264275,0.45513200759887695,0.14564207548780428,0.035391671984803454,0.6025993824005127,0.08008164728711471,0.06201638339902838,0.17088776561364197,0.04101911109335825,0.15319106532078144,0.7341649532318115,0.22151605838032415,2048
686_F4_1,0.3955761723361747,0.14460749708402185,0.06760157790838503,0.5055787563323975,0.1496443597334587,0.11505824070350802,0.9112935066223145,0.12616453609660372,0.11472038899758277,0.3955761723361747,0.13210424900218876,0.1295856129889394,0.786156415939331,0.1758617971601407,2048
686_F4_2,0.3438038245594539,0.13527938837485387,0.06277692177716417,0.4833798408508301,0.14777291920612795,0.10397519971810139,0.8717563152313232,0.12480688401220345,0.09599738573261335,0.3438038245594539,0.12643376822921196,0.08044134121315151,0.6993265151977539,0.1189261432235376,2048
688_E7_10,0.222777667798727,0.0480038984141292,0.039217560899023944,0.43153929710388184,0.09383551245389489,0.03340665779861747,0.5843627452850342,0.06146560424133303,0.06459675701234853,0.222777667798727,0.04264376874427342,0.1781411451451918,0.7449069023132324,0.22645161754664486,2048
690_C10_2,0.1784532575407343,0.0614842818288041,0.03255969683329266,0.39812374114990234,0.08927578394124222,0.040947253096337434,0.6146512031555176,0.08868113965790203,0.05085253395884646,0.1784532575407343,0.05427376952624079,0.09038686939314305,0.6318058967590332,0.13180257268566264,2048
690_D3_5,0.18145190305420794,0.16525645950868975,0.04021059298047835,0.4281482696533203,0.10025136526604969,0.10073152710409719,0.7398004531860352,0.12462319163851118,0.10602032037547998,0.18145190305420794,0.12975039969506058,0.14616146461636387,0.6709117889404297,0.20141419514285705,2048
690_H5_1,0.33833541234974845,0.05391351361596201,0.027268851037118964,0.3467991352081299,0.08068084168768203,0.025909103131761767,0.5807616710662842,0.050986611362301336,0.03863658166660977,0.33833541234974845,0.036911751341718056,0.08531317056394096,0.6366481781005859,0.1477764621094598,2048
692_A1_5,0.6506645086109374,0.22276955614126095,0.03568191715315278,0.4127664566040039,0.0866068948439662,0.14396441777547195,0.7291696071624756,0.17307660777220024,0.12397634985886366,0.6506645086109374,0.1957349431330246,0.08672043201970099,0.6761882305145264,0.13421152818519616,2048
693_A11_3,0.4585167429873455,0.08886102388135016,0.06685009189680509,0.3738667964935303,0.17408032864049444,0.05385975837707515,0.6241912841796875,0.1056424943538315,0.06411063841913262,0.4585167429873455,0.07929394713279687,0.09766492282643038,0.6523988246917725,0.16077370730867846,2048
693_H4_1,0.2863792580386395,0.08997031644427687,0.05975942424699364,0.44272589683532715,0.13234242596243417,0.055814944061578504,0.6776084899902344,0.09198284238609038,0.06682896671912252,0.2863792580386395,0.07301834970616317,0.1062816947114233,0.681387186050415,0.1484618168598858,2048
694_A2_1,0.1960052719882212,0.03933568013392052,0.0844143998389151,0.49570226669311523,0.18966526930705427,0.02575608047784544,0.648798942565918,0.040674456746592765,0.06687575855479515,0.1960052719882212,0.028384328281135553,0.19924877765131938,0.8462255001068115,0.21909331257000458,2048
694_C1_1,0.22859649569577503,0.10369381519269805,0.10285141234304396,0.5132472515106201,0.22536103634041718,0.07006855291478771,0.8024327754974365,0.09460034478043265,0.09678297459677146,0.22859649569577503,0.07535105786820431,0.18459112690944304,0.8677136898040771,0.19886871087068833,2048
694_C1_2,0.14026239835977364,0.10061128833798574,0.0936834933711033,0.5002570152282715,0.21168489405193733,0.06569853576959349,0.737877368927002,0.0924465989633609,0.09832165836091131,0.14026239835977364,0.07283809876967481,0.20964307317546774,0.812999963760376,0.22522030424138348,2048
694_D6_2,0.08143755343991269,0.12172804580738757,0.029536870881622913,0.3148519992828369,0.08795149036454224,0.043693628498152184,0.45169901847839355,0.1123334040442213,0.0530811413566739,0.08143755343991269,0.06375529057203069,0.09265708455852428,0.5371017456054688,0.16257626228454242,2048
694_F10_1,0.576174133713263,0.2829810424382467,0.050182553833606154,0.4012613296508789,0.11396453323176912,0.1873160128499946,0.6860840320587158,0.22116677225911477,0.16350286976122375,0.576174133713263,0.29814909892828134,0.12187806671740965,0.5471670627593994,0.20259974423243937,2048
696_C9_5,0.5357214600755615,0.22923911857724064,0.03279193335888433,0.3839683532714844,0.0810738499326006,0.14517143941393088,0.6787252426147461,0.17846155671238959,0.13202338343938186,0.5357214600755615,0.22045365026121003,0.12149196793051324,0.597003698348999,0.1839956938521357,2048
697_A6_4,0.06689486842018769,0.09382729760926066,0.024376435373343646,0.3523092269897461,0.07082121131676365,0.0404814738853305,0.5674388408660889,0.08548377540493175,0.05322986420089122,0.06689486842018769,0.05282755881253728,0.10591503031113578,0.6096594333648682,0.16265994144501342,2048
697_G3_6,0.48032348105427775,0.08671962349568038,0.04761881454318182,0.3556807041168213,0.13895440177591625,0.050726985931396504,0.6419429779052734,0.088358195287217,0.05397938842399445,0.48032348105427775,0.07776906707767928,0.06708076046962357,0.6046257019042969,0.11599018983705263,2048
698_C6_2,0.26447579883444056,0.3275465003684125,0.07412969645331888,0.4847099781036377,0.1600214058854219,0.26387216717589157,0.8444762229919434,0.26092614501193345,0.24113041925000192,0.26447579883444056,0.3130276018307863,0.22133998683854664,0.7491927146911621,0.26139530917167386,2048
698_F11_1,0.3455615507219747,0.1815869447137734,0.03508688328312894,0.39333510398864746,0.09867276257985381,0.10421077036390126,0.7112126350402832,0.14789496556711274,0.12208785076141344,0.3455615507219747,0.13865379353092627,0.21177344696194522,0.6590526103973389,0.28985419041475297,2048
699_E8_1,-0.008711594903085249,0.08476551055460062,0.09622312714071828,0.4625246524810791,0.22975683150733214,0.04401227352665917,0.5390465259552002,0.09659667176285751,0.09376123148057969,-0.008711594903085249,0.04882113356756296,0.26028383666393784,0.7591896057128906,0.2957759992932127,2048
700_C3_6,0.30458308722434985,0.057225858220469814,0.033241936739753286,0.42262887954711914,0.08128742885956797,0.03620917563344919,0.7014997005462646,0.06462683733603057,0.042785811798619254,0.30458308722434985,0.046066909584163866,0.0681511832218545,0.6557400226593018,0.10818064103943774,2048
700_H6_2,0.34020773132626325,0.045760889785330564,0.03528939508924296,0.3908271789550781,0.1000848917066024,0.024983814650890876,0.585900068283081,0.04305021071719848,0.05434301140878718,0.34020773132626325,0.03229077393361655,0.15957992871602378,0.7357895374298096,0.21796558611332364,2048
701_B9_2,0.23132420942796356,0.2877093946433947,0.11088998644959683,0.5362696647644043,0.22676386116225733,0.23050252129049836,0.9263286590576172,0.19492555178737134,0.21402908718613997,0.23132420942796356,0.24648245781761435,0.19363794420279704,0.832787036895752,0.21591536346926357,2048
701_H10_2,0.5394380865529244,0.12517356437943405,0.0787053538303749,0.47850799560546875,0.18946933652986037,0.09405357323440848,0.8229310512542725,0.10007628355441094,0.11225726129737558,0.5394380865529244,0.11265716437061687,0.18489002433477672,0.7918405532836914,0.21896619186496855,2048
704_G4_1,0.5085647869875256,0.2447625903920374,0.04416059232225604,0.43912196159362793,0.11229650824017284,0.18389868175282204,0.795325756072998,0.18140168582530283,0.16229219161295427,0.5085647869875256,0.23907816736941237,0.1297246456146239,0.7195324897766113,0.18084806348833005,2048
725_G10_2,0.7687794712569895,0.19243458598367544,0.13575639163746542,0.5598673820495605,0.2361037100702807,0.1643359605003806,0.905156135559082,0.2031237502980478,0.16451418114980065,0.7687794712569895,0.18422700801648564,0.17488001281139884,0.8744943141937256,0.1983143276216676,2048
73_A10_1,0.5844922010530261,0.0768726153216392,0.14253103834447883,0.6974970395018861,0.25365223983525564,0.06833521769261541,0.7108775532621742,0.09680964613897344,0.11419478939356296,0.5844922010530261,0.0902151276378961,0.2588461934681709,0.743628231095679,0.28281000217879765,1728
747_B5_4,0.1793299912126748,0.04650106701202779,0.07658452239691045,0.4154961109161377,0.17412014123573805,0.02478355519911823,0.5036334991455078,0.06629619376911405,0.051201505984699046,0.1793299912126748,0.03237491555628741,0.1314529858383478,0.6970067024230957,0.17789707935977175,2048
757_C6_2,0.5645127977894224,0.13713086270310632,0.08339819160162236,0.3598136901855469,0.20248886176714664,0.06760851074667538,0.5734312534332275,0.11030022728029978,0.08083365467651224,0.5645127977894224,0.11375409373005049,0.1244529555825626,0.5659494400024414,0.2103343947334204,2048
757_C6_3,0.5426200955998862,0.12674467212408386,0.06951917199527506,0.31409120559692383,0.1881270180257168,0.05186632287268553,0.47582221031188965,0.10536201621655765,0.060524523493261956,0.5426200955998862,0.10442236568579692,0.08659663761363309,0.45662903785705566,0.18651525773746522,2048
757_E10_5,0.35898141715663956,0.08004003505359518,0.0644741245344573,0.4109306335449219,0.16913434830957882,0.04865435899472701,0.6403517723083496,0.07677883001560529,0.06682740156884283,0.35898141715663956,0.07077864888303674,0.12876186370849607,0.6427738666534424,0.1654134965813273,2048
759_F9_9,0.559072505689353,0.14026052799656433,0.07763556499107209,0.451674222946167,0.16363930131162593,0.101354258668189,0.7819554805755615,0.11180188601201879,0.09451283948842214,0.559072505689353,0.13897633629115919,0.07722947270262469,0.6285562515258789,0.11858625858329029,2048
778_G6_2,0.7002919180977574,0.2508237552577864,0.10785155296325692,0.5499413013458252,0.18792676574207404,0.20880237186656275,0.9386093616485596,0.20226500895422247,0.18738326670684052,0.7002919180977574,0.23457457745879196,0.14233738581339492,0.8428401947021484,0.15741376603550777,2048
782_F8_2,0.5990991814635251,0.18370248707296924,0.09561837327246572,0.5087950229644775,0.21371373503291147,0.13571182325774542,0.9129724502563477,0.14242238658252332,0.13774182252566025,0.5990991814635251,0.1571082596824654,0.1588761993483002,0.8196976184844971,0.2027411855101802,2048
791_A9_1,0.5549156822285704,0.16551894167625436,0.056285830105052274,0.27640461921691895,0.16609722292412557,0.0729164095485911,0.4425632953643799,0.14736731543123313,0.07724139622239497,0.5549156822285704,0.15617147262996942,0.0989075408262365,0.44374728202819824,0.17821967630583577,2048
792_B6_7,0.47092537127753015,0.08519179830073706,0.05054687425202014,0.29198503494262695,0.16102017185203252,0.03353809655881393,0.46842002868652344,0.06166847272465211,0.04852111027792387,0.47092537127753015,0.06623618822231046,0.09823696753557994,0.47527551651000977,0.16936691372461685,2048
793_B1_1,0.5807979806523285,0.21801110494583814,0.07278657614016062,0.3348724842071533,0.2030000982934375,0.10181891497443708,0.5550367832183838,0.14951690912846108,0.10908226243019103,0.5807979806523285,0.1886164810428914,0.145842820522832,0.5169494152069092,0.2257912025730657,2048
800_E1_1,0.889607232334374,0.1810227460138935,0.0724795369540945,0.4777705669403076,0.1636703556851605,0.14406098851970597,0.8525323867797852,0.15293743424766323,0.14420388507805615,0.889607232334374,0.1697664407529307,0.169042537726608,0.8451509475708008,0.18633809253074812,2048
802_D5_9,0.2944949861475309,0.13999632646846574,0.09746756460152423,0.45978426933288574,0.2294792656185477,0.07514033785053326,0.7413947582244873,0.12459587607706449,0.09401866450459344,0.2944949861475309,0.08723637266078675,0.1563552996691536,0.7859282493591309,0.20494367486059897,2048
807_C2_3,-0.2670011654421235,0.2334276972390717,0.1490929790571624,0.646216630935669,0.22471822888344087,0.1685446673748537,0.9478650093078613,0.1916344347854088,0.1779356360212965,-0.2670011654421235,0.16112467098327266,0.21932256268519976,0.9541923999786377,0.1986067020492139,2048
812_C10_2,0.3415151622988391,0.07819610628293866,0.027658808465097464,0.24707460403442383,0.09418475615455958,0.025773572921752932,0.37554001808166504,0.05865634824522918,0.03968962934213525,0.3415151622988391,0.05763528506300611,0.09058985897139003,0.41138458251953125,0.16614635513827877,2048
820_G4_3,0.2547402882187036,0.05341464343425678,0.08101928561341526,0.4375276565551758,0.198730680694412,0.03307994393741388,0.5952916145324707,0.07867703417506715,0.05111018849316764,0.2547402882187036,0.0427753989021335,0.10160780887977748,0.7274699211120605,0.12767936005238795,2048
820_G4_7,0.27223310241517423,0.04989138002642361,0.052131866006290176,0.4064176082611084,0.13859686069229885,0.02899248833749809,0.5860610008239746,0.07165903347394989,0.039518430948257396,0.27223310241517423,0.039046811691601256,0.07064479098600498,0.6808128356933594,0.10238551250136975,2048
838_E8_1,0.014853478899700507,0.030180334207439388,0.07089690040139597,0.4468562602996826,0.17107276430726903,0.015020196578081913,0.4817512035369873,0.05122268124394855,0.04638656444269063,0.014853478899700507,0.015897561433788076,0.14358120245092074,0.8699078559875488,0.16510644938037278,2048
846_A8_2,0.6904166280564241,0.12015777589143449,0.08599184728136262,0.457439661026001,0.1993615235806778,0.0804154713948568,0.7526333332061768,0.11348900163980953,0.08434318378691573,0.6904166280564241,0.10324610596807103,0.0969963653414857,0.7550640106201172,0.11525925800436371,2048
850_C1_9,0.38802887068558967,0.1344349810956259,0.08356002639321719,0.4477975368499756,0.18728972307669156,0.08649031882192577,0.7464563846588135,0.11482786986398333,0.09234212711035043,0.38802887068558967,0.11298448667632859,0.11501042889613727,0.7022359371185303,0.15154847541674535,2048
856_A2_4,0.12271850256793591,0.06900918923092181,0.06965451053544595,0.3127467632293701,0.20232085494704644,0.02361671597349875,0.4180636405944824,0.07300522964492516,0.04271070368561094,0.12271850256793591,0.03698099382993666,0.09779385117923502,0.5413835048675537,0.17989335474775459,2048
858_D4_2,0.13875667016860604,0.04118538163441164,0.05114585371578435,0.29436182975769043,0.14207249774926173,0.013515110576854046,0.33510828018188477,0.04186838168041464,0.024561241401784565,0.13875667016860604,0.02390007712552884,0.05269286772784068,0.45898008346557617,0.10780806696980844,2048
859_C8_4,0.891506451445026,0.17597732214585932,0.05243558883666989,0.36188268661499023,0.1377054436478754,0.10527568424449257,0.640021562576294,0.14216830763830515,0.09937598347645185,0.891506451445026,0.16853612038782304,0.09547020033294082,0.6185863018035889,0.1495599672628819,2048
868_E8_2,-0.0017389488357601758,0.12298795750706715,0.12308167195787617,0.6117134094238281,0.20238997437262443,0.08922751557593263,0.9360940456390381,0.09634379311572737,0.10261243681926346,-0.0017389488357601758,0.08278869709809711,0.14068871572905897,0.8884897232055664,0.13747344609935266,2048
869_B3_1,0.05345321499015868,0.11605678073845607,0.10556946922751034,0.5308687686920166,0.2306744619377613,0.07395026356566183,0.7710137367248535,0.11177424201808758,0.116453505338594,0.05345321499015868,0.0787518535814102,0.2631334014967374,0.8401005268096924,0.2890939907065227,2048
886_C10_5,0.12014375855465077,0.06813416866602663,0.0827760696411133,0.5133485794067383,0.18031001249432246,0.04326278275134516,0.7484073638916016,0.07066372599690746,0.07203634141211417,0.12014375855465077,0.04334367055915047,0.16518516914517284,0.9012582302093506,0.180266044073306,2048
88_D7_2,0.38816749841148296,0.06286909298396287,0.0694734111494392,0.4080795476466049,0.16096601349256573,0.03141094802761639,0.5008452824931413,0.06683171807558966,0.0689532637528284,0.38816749841148296,0.05027862358844652,0.1950713708301394,0.6092246308084706,0.2524170930260708,1728
896_G8_3,0.35537606367545566,0.10943163832981168,0.061480598823696955,0.3147237300872803,0.1666451488530971,0.042583667530732984,0.47864270210266113,0.07982049977096378,0.05661116868206094,0.35537606367545566,0.07839160689510115,0.10214689759647147,0.47666120529174805,0.191605174924218,2048
901_D10_2,0.21436466670090715,0.21096829086437158,0.06410565750271664,0.46059203147888184,0.14460327470756512,0.14057606528787062,0.792992115020752,0.16522766551777446,0.14135706722708297,0.21436466670090715,0.17041630654403273,0.17021936435325472,0.7091867923736572,0.21593978861150726,2048
901_E12_1,0.48503710707944897,0.13438794607155324,0.05706967933505186,0.35105371475219727,0.1574310902673853,0.07279649154812681,0.5593094825744629,0.12395316826898259,0.08475393402697981,0.48503710707944897,0.12182368149730598,0.134381243761848,0.562237024307251,0.21216954898417703,2048
901_G9_5,0.19506932452303943,0.08971844133623029,0.08198712292839504,0.4825727939605713,0.19523837741747987,0.05909129498051657,0.756385087966919,0.07296442748677774,0.0904321703710743,0.19506932452303943,0.06893573397084699,0.19873285948061484,0.7659149169921875,0.2398812257845266,2048
903_F12_2,0.15905170519009298,0.07444897177166226,0.04113580853331322,0.43461036682128906,0.10588817876587193,0.04992478595060459,0.6304142475128174,0.09127177914970032,0.0666600084458145,0.15905170519009298,0.062115506583471355,0.13162651062011713,0.7239990234375,0.17006282533047004,2048
903_F2_1,0.03233904849607011,0.038518895192698396,0.05357369254617131,0.47178053855895996,0.13039099941875065,0.02094235700719497,0.5233590602874756,0.040331942271348224,0.05561188183503994,0.03233904849607011,0.023204403767952048,0.17293456021477194,0.8128960132598877,0.21619932452631857,2048
906_A9_4,0.17155920154213805,0.11100721738183529,0.05380282121546127,0.45673441886901855,0.1269398025707409,0.07370206141004376,0.7438614368438721,0.10917247953482222,0.09876105161966063,0.17155920154213805,0.08947828768484761,0.19832913267846203,0.7390186786651611,0.24976369273586566,2048
906_A9_6,0.23390136555675112,0.065092963918926,0.04413430644016638,0.3472929000854492,0.11776815277292574,0.032095314474666785,0.4814624786376953,0.06799102015497378,0.05850889128423205,0.23390136555675112,0.05300610663204879,0.152247532676248,0.5387215614318848,0.2452488690124796,2048
906_C11_1,-0.07581440236133481,0.12141828762130814,0.06904986792919679,0.4353601932525635,0.17462320207127707,0.05433584288054818,0.4523310661315918,0.13679313599320778,0.07068881771143741,-0.07581440236133481,0.06017502706868016,0.12625786650414558,0.7607359886169434,0.18003242412867002,2048
906_H7_2,0.37885728255911855,0.1448051611092156,0.060800737493178394,0.4281923770904541,0.1509372233759172,0.1111905378453872,0.7105870246887207,0.14190536257564842,0.10712010254916025,0.37885728255911855,0.15532068819936495,0.10915718078613283,0.6713380813598633,0.1608472200973613,2048
908_E3_1,-0.047338562586293105,0.09810911085466156,0.031012841766955814,0.36510682106018066,0.08876071758023495,0.03836265638762833,0.4547748565673828,0.11140527662086751,0.05203450303395592,-0.047338562586293105,0.04696507096512639,0.10516652873918132,0.6377899646759033,0.1459599369831613,2048
908_G5_2,-0.018411031292948833,0.0806819918549635,0.029728570638918372,0.2959718704223633,0.0913345717227961,0.025269368115593455,0.32019829750061035,0.08461237368377109,0.03739525473388977,-0.018411031292948833,0.03704428407301543,0.08079115643220779,0.49523043632507324,0.14430110884464842,2048
909_A6_1,0.0021426759111675725,0.048243902127333996,0.030211973190307603,0.2568027973175049,0.09784268739973462,0.013082380855784701,0.2519071102142334,0.0761429122093856,0.023113535364001417,0.0021426759111675725,0.020089247262204988,0.05444831661149562,0.4382185935974121,0.12048801358969986,2048
909_C11_2,-0.07616167543420736,0.07400440689930428,0.04178407612968897,0.37415122985839844,0.11267941389417338,0.029449167438581902,0.4304676055908203,0.0891634968759398,0.042838575253767094,-0.07616167543420736,0.033330521410283,0.08823951272403487,0.6665036678314209,0.13790677864573858,2048
910_B8_1,0.33954507297720676,0.18764625628875725,0.03267121875987333,0.27191734313964844,0.10084754608840438,0.06857314016304768,0.43073201179504395,0.1493692427743711,0.07199738461008257,0.33954507297720676,0.1447086426258182,0.09687212027755437,0.42096805572509766,0.18304634289840946,2048
915_C6_5,0.2145246559847043,0.1277318906272404,0.026086990506041297,0.2722594738006592,0.08567235664128511,0.04167783307094199,0.4857163429260254,0.1049164859362358,0.04638229854340644,0.2145246559847043,0.0685467088661562,0.06910080722734023,0.4994642734527588,0.14550037891802695,2048
916_F8_1,0.09169402061336698,0.06153909149602251,0.06654678887011953,0.40906476974487305,0.17164007178874413,0.0315818926867317,0.5341627597808838,0.06658052789869907,0.05319022124832754,0.09169402061336698,0.04359918641802306,0.12134606510985134,0.6258540153503418,0.18348516472508974,2048
918_B3_4,0.6501009863751124,0.1696326124177421,0.098437644921097,0.5447981357574463,0.18878595496810047,0.14030715717988856,0.9435205459594727,0.159329753948211,0.15455576352923517,0.6501009863751124,0.14697713280364244,0.22154697436912374,0.9377076625823975,0.22107578710802356,2048
918_H10_2,0.26513938862085645,0.14148952611580104,0.11377956726971789,0.5837359428405762,0.20813120007615402,0.13162708749958105,0.9814677238464355,0.1080334995946404,0.14284378276376147,0.26513938862085645,0.13316692829555485,0.19044781292186075,0.9623262882232666,0.16133745662936497,2048
924_F12_1,0.2674813884600061,0.05889141090635745,0.11372310694526219,0.49651193618774414,0.24395498836651044,0.0418034188887652,0.7580888271331787,0.06561395058443042,0.08559284823997357,0.2674813884600061,0.047976585165210354,0.22335011631834745,0.8543274402618408,0.2397509922719909,2048
925_H8_2,-0.050208691484007556,0.1779960654923524,0.08463704632777794,0.4614529609680176,0.20668085426427282,0.0853009943868599,0.5233402252197266,0.19711111411143029,0.10132472453379163,-0.050208691484007556,0.09237103141110445,0.1608967949362363,0.8416266441345215,0.19441611162723277,2048
926_F7_2,-0.10988158081398812,0.06284180531702123,0.11446376033857755,0.5498147010803223,0.24369517229509188,0.03780057664011039,0.6450192928314209,0.08320115009065718,0.06514795345717794,-0.10988158081398812,0.03328131255132373,0.14039838921790024,0.8701677322387695,0.14763816440868965,2048
927_A9_10,0.35234219461880684,0.12061926998282006,0.08919251385857087,0.5076134204864502,0.2010373405431134,0.0852999060761694,0.8082664012908936,0.11229643647970801,0.0977283690705019,0.35234219461880684,0.09839201791753686,0.14243733181672946,0.8041262626647949,0.18024695404457977,2048
927_F12_11,0.1167277371214148,0.02818573825113996,0.06184207130880913,0.3821566104888916,0.17334823557803666,0.012790054433486043,0.430849552154541,0.03426131545697944,0.0395054637215184,0.1167277371214148,0.01664079566724979,0.12179218834521714,0.6975629329681396,0.18419555845439337,2048
927_F12_12,0.13873355875273038,0.029155829381827862,0.06673706466076422,0.37673115730285645,0.17879303497531007,0.01293490447250067,0.43947649002075195,0.035273558618375014,0.033762214154449216,0.13873355875273038,0.017320432702859573,0.0926281957065357,0.6596570014953613,0.15467757813218433,2048
928_A1_1,0.09056041767260994,0.1579317126980885,0.06988222084793387,0.48566460609436035,0.1832843705103841,0.09749737627366012,0.8526201248168945,0.15013092214102824,0.10638441194870885,0.09056041767260994,0.10388533157831806,0.14867729112213734,0.8227493762969971,0.18056454365663382,2048
928_G1_2,0.6421258657493261,0.15211140382194133,0.06264483975429158,0.3897287845611572,0.16451224431687236,0.08962368871651437,0.6501672267913818,0.12753461653910944,0.09728428491368023,0.6421258657493261,0.1374914670214777,0.13481874559439866,0.6264979839324951,0.2013737682592802,2048
928_H3_1,0.7094370983794549,0.26560040939525004,0.0605796037935743,0.31969475746154785,0.17436533523084988,0.12081139695410643,0.5436298847198486,0.18837664559002432,0.11180984061334652,0.7094370983794549,0.21684780672104575,0.09892606828726976,0.5149366855621338,0.17576026050815646,2048
928_H3_2,0.644401123056116,0.20128762897355373,0.07059083732904173,0.4860038757324219,0.16612857487308388,0.14189317927641032,0.8175079822540283,0.1603087716415184,0.14190396401237035,0.644401123056116,0.17155525801299548,0.1661585312263639,0.7792541980743408,0.2007809976941171,2048
929_B12_1,0.09665620307274676,0.015444682478637181,0.033581901999080864,0.45060229301452637,0.08964585676579737,0.009038029465020869,0.46695494651794434,0.01966819510815759,0.035862803389044386,0.09665620307274676,0.009716442620583736,0.12687766411725204,0.8323278427124023,0.14420104250832871,2048
929_B12_2,0.0921760718589248,0.01868036652076243,0.03553514667585783,0.42244386672973633,0.090562821259704,0.009859907860849417,0.44669342041015625,0.023764355707673563,0.03452398313017455,0.0921760718589248,0.0115790859628092,0.1171521140079873,0.747612476348877,0.1502218735452449,2048
929_B8_1,0.3470992682405917,0.0694574507090175,0.029203198002833945,0.504568338394165,0.06050927182631781,0.058006580203187295,0.8342766761779785,0.05608972036181746,0.07274203430755456,0.3470992682405917,0.06499169866298843,0.13709904633316342,0.813967227935791,0.16807822105556208,2048
929_H2_2,0.12673596499025952,0.09068060795354004,0.039554921318502974,0.4709477424621582,0.08939148198600838,0.07354646196552353,0.6862599849700928,0.13945988366831866,0.08799977025312528,0.12673596499025952,0.08478556680642683,0.1530737315907198,0.8297085762023926,0.17026313096225068,2048
930_C12_1,0.40520414008373307,0.1570602433691966,0.055760602390064855,0.4114682674407959,0.14879687240302375,0.09611048043942923,0.6722819805145264,0.14323993819377176,0.09922194808847766,0.40520414008373307,0.13464023107075956,0.12444880990421073,0.6739306449890137,0.1669455754775474,2048
930_H3_2,0.04981647749579562,0.061668952457401165,0.09128708652421536,0.46788811683654785,0.22011669147161378,0.03271167886023425,0.5868406295776367,0.07480657310479846,0.06594645408836068,0.04981647749579562,0.035859896534557276,0.1691445612439922,0.8351960182189941,0.21671950660740655,2048
932_G11_1,0.7613604821340291,0.22866654585685123,0.1266510767095229,0.5471634864807129,0.2470613460776538,0.19768799239513915,0.9544258117675781,0.16298528743516189,0.19745384499886465,0.7613604821340291,0.21654945532470518,0.2207111246445602,0.8960132598876953,0.2397550094173602,2048
932_G11_2,0.7233597090454015,0.21444714373786783,0.1059245651843501,0.5214715003967285,0.2176252362091575,0.1745887157963771,0.9254145622253418,0.15953620124153264,0.17477678123156223,0.7233597090454015,0.1971545702217188,0.19879199476803058,0.861656665802002,0.2261274212258026,2048
933_C10_4,0.35632197697118967,0.08175267901696788,0.06453970273335773,0.5106813907623291,0.14464271391522143,0.06665643336726172,0.8821661472320557,0.09183022906300116,0.07887822408358258,0.35632197697118967,0.07559181732239521,0.12486254187191241,0.824882984161377,0.18276257216416716,2048
933_C2_1,0.3331281659663487,0.22239448275692894,0.08641462232552324,0.5183758735656738,0.19790772887722383,0.17750126707787606,0.8886630535125732,0.17113627736675174,0.1700331538669735,0.3331281659663487,0.2025648821889814,0.173307205648983,0.8295667171478271,0.20538828298298537,2048
933_C4_6,-0.039540147555771905,0.0370675792008135,0.07972715789196544,0.4729883670806885,0.18559479558726324,0.019775557985492784,0.5334384441375732,0.04093611865156039,0.043928748681872506,-0.039540147555771905,0.022043189783103642,0.11302431237463853,0.7253289222717285,0.14660669989584224,2048
934_G4_3,0.5288270645100477,0.23599162951612568,0.039961405361399936,0.35050034523010254,0.1169950128408538,0.140201556448843,0.6002864837646484,0.16504225407552858,0.12758421671119388,0.5288270645100477,0.23834757119288277,0.11489581407285218,0.5216026306152344,0.19872621073974103,2048
935_D5_2,0.11057950095941176,0.11176568416999637,0.13591807215821503,0.567223310470581,0.2704447114632474,0.07908418412302048,0.8702807426452637,0.11578744797470239,0.08291442618949751,0.11057950095941176,0.08181858229699429,0.07779930806627458,0.7534527778625488,0.1062865522075925,2048
935_G3_1,0.2813052762594607,0.026910811334861305,0.07760253420063098,0.43494224548339844,0.18475285779256312,0.01454372873493269,0.5334429740905762,0.02970773220700144,0.03354863361882229,0.2813052762594607,0.01986190090424544,0.08252142924888468,0.6588785648345947,0.13053568018657172,2048
935_H11_2,0.23268907707191733,0.18049766815183235,0.1264759624705595,0.5762107372283936,0.24123537574857556,0.13915289804047226,0.9333369731903076,0.14877351106608952,0.14162863544389315,0.23268907707191733,0.14934102388905177,0.15510309630749275,0.8045065402984619,0.19446428394314091,2048
957_G6_4,0.4267960316303429,0.01274045510294967,0.14638724888072296,0.6521553993225098,0.21681668233127088,0.010131870531568334,0.5813837051391602,0.017488082174185467,0.03270816603099601,0.4267960316303429,0.011412874897710415,0.07005029566147757,0.8286235332489014,0.07865146386855948,2048
970_H1_4,0.6323204187797515,0.1638514627549445,0.08761722527298271,0.5055456161499023,0.1818766920175677,0.12242875660167016,0.8548262119293213,0.1443296726235725,0.11673549654829743,0.6323204187797515,0.1517501040292077,0.10747171289780551,0.7353219985961914,0.18204542388595998,2048
991_G6_7,0.4049317094127568,0.0805331680075703,0.03820558248781692,0.24675416946411133,0.12597146489357663,0.030037596646477184,0.34533238410949707,0.08526055901666371,0.0371225723238552,0.4049317094127568,0.07330428589821403,0.06058908817814845,0.3714125156402588,0.1343134220019624,2048
